First Name,Last Name,Email,Airtel Number,Relationship Numbers
Swapnil1,Pawar,swapnil.pawar@airpay.co.in,9920609706,109-231312334
Swapnil2,Pawar,swapnil.pawar@airpay.co.in,9870685054,109-231312335
Swapnil3,Pawar,swapnil.pawar@airpay.co.in,9870264053,109-231312336
Swapnil4,Pawar,swapnil.pawar@airpay.co.in,9869402977,109-231312337
Swapnil5,Pawar,swapnil.pawar@airpay.co.in,9833762887,109-231312338
Swapnil6,Pawar,swapnil.pawar@airpay.co.in,9821113580,109-231312339
Swapnil7,Pawar,swapnil.pawar@airpay.co.in,9768459650,109-231312340
Swapnil8,Pawar,swapnil.pawar@airpay.co.in,9768871811,109-231312341
Swapnil9,Pawar,swapnil.pawar@airpay.co.in,9708411484,109-231312342
Swapnil10,Pawar,swapnil.pawar@airpay.co.in,9708412485,109-231312343
Swapnil11,Pawar,swapnil.pawar@airpay.co.in,9708413486,109-231312344
Swapnil12,Pawar,swapnil.pawar@airpay.co.in,9708424487,109-231312345
Swapnil13,Pawar,swapnil.pawar@airpay.co.in,9708535488,109-231312346
Swapnil14,Pawar,swapnil.pawar@airpay.co.in,9708646489,109-231312347
Swapnil15,Pawar,swapnil.pawar@airpay.co.in,9708757490,109-231312348
Swapnil16,Pawar,swapnil.pawar@airpay.co.in,9708868491,109-231312349
Swapnil17,Pawar,swapnil.pawar@airpay.co.in,9708979492,109-231312350
Swapnil18,Pawar,swapnil.pawar@airpay.co.in,9709090493,109-231312351
Swapnil19,Pawar,swapnil.pawar@airpay.co.in,9709201494,109-231312352
